Model,Accuracy (CV),Precision (CV),Recall (CV),F1 Score (CV),Composite Score (CV)
Decision Tree,0.8396099879691553,0.839308693329977,0.8396219852240409,0.8394354810681188,0.839494036897823
