Model,Accuracy (CV),Precision (CV),Recall (CV),F1 Score (CV),Composite Score (CV)
KNN,0.48547178629010607,0.5707203735890911,0.48547178629010607,0.4920961415512378,0.5084400219301353
