Model,Accuracy (CV),Precision (CV),Recall (CV),F1 Score (CV),Composite Score (CV)
Lasso Regression,0.9027060358922858,0.9021560584343927,0.9027060358922858,0.9021622695993999,0.902432599954591
