Model,Accuracy (CV),Precision (CV),Recall (CV),F1 Score (CV),Composite Score (CV)
Logistic Regression,0.8916170315944442,0.8907074446152974,0.8916170315944442,0.8909528234758142,0.8912235828199999
