Model,Accuracy (CV),Precision (CV),Recall (CV),F1 Score (CV),Composite Score (CV)
Naive Bayes,0.7722889839013025,0.8105238004609339,0.7722889839013025,0.742095026475547,0.7742991986847715
