Model,Accuracy (CV),Precision (CV),Recall (CV),F1 Score (CV),Composite Score (CV)
SVM,0.8830279576469737,0.8828866802986448,0.8830279576469737,0.8829282124062597,0.882967701999713
