Model,Accuracy (CV),Precision (CV),Recall (CV),F1 Score (CV),Composite Score (CV)
XGBoost,0.8917489792371682,0.8981962640800948,0.8917489792371682,0.8932936332275417,0.8937469639454932
